TEXT,LABEL
"Gere faults Trump for blurring meaning of 'refugee' and 'terrorist' BERLIN (Reuters) - Actor and activist Richard Gere said on Friday that U.S. President Donald Trump has managed to merge the meaning of the words “refugee” and “terrorist” in the minds of many Americans. Gere also told a news conference at the Berlin Film Festival just before the world premiere of his new film “The Dinner” that he found it discouraging to see term “refugee” go through such a dispiriting change of meaning in the United States.  “The most horrible thing that Trump has done is conflated two words – refugee and terrorist,” Gere, 67, told more than 100 journalists. “It means the same thing in the U.S. now. That’s what he’s accomplished to a large segment of our population.” Trump ordered a travel ban on refugees and citizens from seven Muslim-majority countries on Jan. 27. A U.S. appeal court in San Francisco refused to reinstate a temporary ban on the order. Trump criticized the court decision. “A ‘refugee’ used to be someone that we had empathy for ...someone we wanted to help who we wanted to give refuge to,” Gere said.  “...Now we’re afraid of them and this ...is the biggest crime in itself: conflating these two ideas.” Gere met Chancellor Angela Merkel this week while in Berlin for the festival. She told Trump in a phone call two weeks ago the global fight against terrorism was no excuse for banning people from Muslim-majority countries. In the film “The Dinner”, Gere plays a famous politician who meets his wife and his brother at a hip restaurant to discuss a horrible crime committed by their sons.  In an interview with Reuters before the news conference, Gere said he was encouraged by protests in the United States against Trump’s policies. “I am essentially an optimist so I am seeing this as an opportunity for people to show up the day after he was inaugurated,” Gere said. “There were millions of people in the streets in New York. It wasn’t angry demonstrations. It was positive demonstrations that were kind of a unity of purpose.” More than a million migrants, many of them fleeing conflict and persecution, have arrived in Germany over the last two years.  “The Dinner” is one of 18 films at the ‘Berlinale’, competing for Golden and Silver Bears. The festival runs until Feb. 19. ",1
"German parties start to find common ground in coalition talks BERLIN (Reuters) - Parties seeking to form Germany s next government found common ground in areas of social policy and digital infrastructure on Monday, but remain far apart on issues that provoked stormy clashes last week. Talks between conservatives, Greens and Free Democrats (FDP) resumed on Monday after Chancellor Angela Merkel convened a weekend meeting to clear the air between ideologically diverse parties forced by electoral arithmetic into awkward partnership.  The weekend pause for thought did us good,  said Andreas Scheuer, a leader in the conservative Christian Social Union (CSU), the Bavarian sister party to Merkel s Christian Democrats (CDU). Other party leaders agreed. But Monday s talks, on education, digitalization, pensions and labor issues, as well as domestic security, were always expected to be less contentious than the immigration, fiscal and climate policies that divided them last week. One sign of the division came in an interview Merkel ally Peter Altmaier gave to the newspaper Die Zeit, where he shot down media reports about a reshuffling of ministerial portfolios. Der Spiegel magazine reported the FDP might head a weakened finance ministry, with key European affairs functions hived off to another ministry.  The finance ministry is a strong ministry and should remain so in future,  Altmaier told Die Zeit. Altmaier runs Merkel s office and has been acting finance minister since Wolfgang Schaeuble s move agreed last month to leave the post and become president of parliament . Negotiators emerged on Monday with a document spelling out areas where they had reached agreement, including commitments to universal gigabit-speed internet by 2025, and spending 3.5 percent of economic output on research and development. After discussions that ran late into the evening, they also signed up to Merkel s election campaign pledge of achieving full employment, without giving a specific target date. Merkel, whose conservatives came first but lost seats in the Sept. 24 national elections must forge a so-called  Jamaica  coalition - named because the three camps  colors match that country s flag - that is untested at national level. Three more rounds of more detailed exploratory talks are planned for this week and four for next. If successful, the parties can then begin formal coalition talks. ",1
"Senate Democratic leader says Attorney General Sessions should resign WASHINGTON (Reuters) - Senate Democratic leader Chuck Schumer said on Thursday that Attorney General Jeff Sessions had misled Congress over his contacts with a Russian official before the U.S. presidential election and for the good of the country should resign. “Attorney General Jeff Sessions had weeks to correct the record that he made before the Judiciary Committee but he let the record stand,” Schumer told a news conference. “Because the Department of Justice should be above reproach, for the good of the country Attorney General Sessions should resign,” he said. ",1
"Tennis: Kyrgios fined $10,000 for Shanghai walk off Tennis - China Open - Men's Singles Finals - Beijing, China - October 8, 2017 - Nick Kyrgios of Australia reacts after losing a point against Rafael Nadal of Spain. REUTERS/Jason Lee
LONDON (Reuters) - Australia’s Nick Kyrgios has been fined $10,000 and deducted his $21,000 first-round losers’ cheque following his decision to walk off after losing the first set against Steve Johnson in the Shanghai Masters on Tuesday.
The tempestuous Kyrgios had just been beaten in a tiebreak against Johnson when he walked to the net, offered his hand to the American and stormed off court to the bemusement of his opponent and chair umpire Fergus Murphy.
Kyrgios, 22, was booed off court by the crowd.
The ATP said on Wednesday that Kyrgios had been punished for “unsportsmanlike conduct”, saying he had failed to complete a medical visit to explain his actions.
Kyrgios, ranked 21 in the world, said later on Twitter that he had been suffering with a stomach bug and a shoulder problem.
“I’ve been battling a stomach bug for the past 24 hours and I tried to be ready but I was really struggling on the court today which I think was pretty evident from the first point,” Kyrgios said.
“My shoulder started to hurt in the practice which didn’t help either and once I lost the first set I was just not strong enough to continue. I’ve not eaten much in the past 24 hours.”
Last year, Kyrgios was fined $16,500 and banned for eight weeks for deliberately throwing a game during his second-round defeat by Mischa Zverev in Shanghai.
The ban for “conduct contrary to the integrity of the game” was reduced to three weeks after he agreed to a “care plan” under the direction of a sports psychologist.
He was also docked a penalty point against world number one Rafael Nadal in the China Open final last week following a disagreement with the chair umpire.",1
" Trump Threw Mar-A-Lago Fundraiser For Woman At The Center Of Bribery Scandal Just a few days after she made the decision to let an investigation of Donald Trump s Trump University slide, the former reality TV star held a fundraiser for Florida attorney general Pam Bondi at his palatial Mar-A-Lago compound.News of the cash-fueled party comes as Trump faces renewed criticism after being fined by the IRS after it came to light that the Trump Foundation illegally funneled money into Bondi s re-election campaign.In March 2014, Donald Trump opened his 126-room Palm Beach resort, Mar-a-Lago, for a $3,000-per-person fundraiser for Pam Bondi. The Florida attorney general, who was facing a tough re-election campaign, had recently decided not to investigate Trump University.Trump did not write a check to the attorney general that night. The previous fall, his personal foundation had given $25,000 to a pro-Bondi PAC. But by hosting her fundraiser at Mar-a-Lago and bringing in some of his own star power, Trump provided Bondi s campaign with a nice financial boost.The Huffington Post also reports that while Trump has billed the RNC $140,000 per event to use his mansion, he only charged the Republican Party of Florida $4,855.65. That means that Trump stands to make a windfall simply by controlling the flow of campaign donor money to his own enterprises.News of the interlocking relationship between Trump and Bondi (she has done campaign rallies for him) underscores how the national media has ignored or played down actual stories of Trump and his involvement with corruption. Instead they have banged the drums on the Clinton Foundation, making allegations of wrong-doing based on the potential and  optics  of the far-reaching charity the Clintons put in place.Trump is also implicated in similar behavior in Texas. The attorney general there dropped looking into Trump University a little after he gave him a financial donation.Featured image via Flickr",0
" President Curtsy Delivers A Really Sick Burn To Manchester Attackers: ‘Losers!’ (VIDEO) Conservatives have suggested repeatedly that if former President Barack Obama clicked his heels together three times while saying the words  radical Islamic terrorism  then terror attacks would never happen again. Ever. During former reality show star Donald Trump s speech in Saudi Arabia, he failed to use those words, but it helped to elect him while on the campaign trail by criticizing his opponents for not saying the magical phrase.While Trump is visiting the Middle East, a bomb tore through an entrance hall of the Manchester Arena at about 10:30 p.m. as American pop star Ariana Grande s concert was ending. In total, 22 people died and 59 concert-goers were hospitalized, marking this as the deadliest terrorist assault in Britain since 2005.On Tuesday, ISIS claimed responsibility for the bombing.During President Curtsy s press conference with Palestinian Authority President Mahmoud Abbas, Trump branded terrorist groups as  evil losers. I extend my deepest condolences to those so terribly injured  and to the so many families of the victims. We stand in absolute solidarity with the people of the United Kingdom,  Trump said Tuesday. So many young beautiful and innocent people living and enjoying their lives, murdered  by evil losers in life,  he said. I won t call them monsters because they would like that term,  he continued.  They would think that s a great name. I will call them from now on losers because that s what they are, they re losers. And we ll have more of them. But they re losers, just remember that. The terrorists and extremists and those who give them aid and comfort must be driven out from our society forever,  he added, then called on the international community to  protect human life. Watch Trump deliver a real sick burn to terrorists everywhere by calling them  evil losers.  You know, as opposed to evil winners.On the campaign trail, Donald Trump said he would present a plan to defeat the Islamic State to his generals within 30 days after taking office, but that hasn t happened.Photo by Chip Somodevilla/Getty Images.",0
"NSA risks talent exodus amid morale slump, Trump fears WASHINGTON (Reuters) - The National Security Agency risks a brain-drain of hackers and cyber spies due to a tumultuous reorganization and worries about the acrimonious relationship between the intelligence community and President Donald Trump, according to current and former NSA officials and cybersecurity industry sources. Half-a-dozen cybersecurity executives told Reuters they had witnessed a marked increase in the number of U.S. intelligence officers and government contractors seeking employment in the private sector since Trump took office on Jan. 20.  One of the executives, who would speak only on condition of anonymity, said he was stunned by the caliber of the would-be recruits. They are coming from a variety of government intelligence and law enforcement agencies, multiple executives said, and their interest stems in part from concerns about the direction of U.S intelligence agencies under Trump.   Retaining and recruiting talented technical personnel has become a top national security priority in recent years as Russia, China, Iran and other nation states and criminal groups have sharpened their cyber offensive abilities. NSA and other intelligence agencies have long struggled to deter some of their best employees from leaving for higher-paying jobs in Silicon Valley and elsewhere. The problem is especially acute at NSA, current and former officials said, due to a reorganization known as NSA21 that began last year and aims to merge the agency’s electronic eavesdropping and domestic cyber-security operations. The two-year overhaul includes expanding parts of NSA that deal with business management and human resources and putting them on par with research and engineering. The aim is to “ensure that we’re using all of our resources to maximum effect to accomplish our mission,” NSA Director Mike Rogers said. The changes include new management structures that have left some career employees uncertain about their missions and  prospects. Former employees say the reorganization has failed to address widespread concerns that the agency is falling behind in exploiting private-sector technological breakthroughs. A former top NSA official said he had been told by three current officials that budget problems meant there was too little money for promotions. That is especially important for younger employees, who sometimes need two jobs to make ends meet in the expensive Washington D.C. area, the official said. “Morale is as low as I’ve ever seen it,” said another former senior NSA official, who maintains close contact with current employees. Asked about the risk of losing talent from NSA and other agencies, White House spokesman Michael Anton said Trump had sought to reassure the intelligence community by visiting the CIA headquarters on his first full day in office. Anton also pointed to the military spending increase in Trump’s budget proposal released on Monday.  It will likely take more than a visit to the CIA to patch up relations with the intelligence community, the current and former officials said. Trump has attacked findings from intelligence agencies that Russia hacked emails belonging to Democratic Party operatives during the 2016 presidential campaign to help him win, though he did eventually accept the findings.  In January, Trump accused intelligence agencies of leaking  false information and said it was reminiscent of tactics used in Nazi Germany. The breadth of any exodus from the NSA and other intelligence agencies is difficult to quantify. The NSA has “seen a steady rise” in the attrition rate among its roughly 36,000 employees since 2009, and it now sits at a “little less than six percent,” according to an NSA spokesman. NSA director Michael Rogers said last year that the attrition rate was 3.3 percent in 2015, suggesting a sharp jump in departures since then. Several senior NSA officials who have left or plan to leave, including deputy director Richard Ledgett and the head of cyber defense, Curtis Dukes, have said their departures were unrelated to Trump or the reorganization. Some turnover is normal with any new administration, government and industry officials noted, and a stronger economy has also improved pay and prospects in the private sector.  “During this time the economy has been recovering from the recession, unemployment rates have been falling and the demand for highly skilled technical talent has been increasing,” an NSA spokesman said, when asked to comment on the reports of employee departures. In a statement, Kathy Hutson, NSA’s chief of human resources, said the agency continues “to attract amazing talent necessary to conduct the security mission the nation needs.” Some NSA veterans attribute the morale issues and staff departures to the leadership style of Rogers, who took over the spy agency in 2014 with the task of dousing an international furor caused by leaks from former contractor Edward Snowden. Concern about Rogers reached an apex last October, when former Defense Secretary Ash Carter and former Director of National Intelligence James Clapper recommended to then-President Barack Obama that Rogers be removed.  The NSA did not respond to a request for comment on the recommendation last fall that Rogers be replaced.  Rogers is now expected to retain his job at NSA for at least another year, according to former officials. Rogers acknowledged concerns about potential morale problems last month, telling a congressional committee that Trump’s broadsides against the intelligence community could create “a situation where our workforce decides to walk.”  Trump’s criticism of the intelligence community has exacerbated the stress caused by the reorganization at the NSA, said Susan Hennessey, a former NSA lawyer now with Brookings Institution.  The “tone coming from the White House makes an already difficult situation worse, by eroding the sense of common purpose and service,” she said.  A wave of departures of career personnel, Hennessey added,  “would represent an incalculable loss to national security.”  ",1
" Trump Completely COLLAPSING In Most Important Republican State The only state keeping the Republican Party viable at the national level in presidential races is the state of Texas. Texas and its 38 electoral votes help to form the backbone in any Republican quest for the 270 electoral votes needed to win the presidency.Republicans have not lost Texas since 1976, when Jimmy Carter defeated Gerald Ford after Nixon resigned in the wake of the Watergate scandal. Whether Republicans have won or lost the overall race, Texas has been blood red (Mitt Romney won by 16% there in 2012).But now with Donald Trump as the Republican nominee, suddenly the race has seriously narrowed in Texas.Donald Trump is still winning in the deep red state, but his advantage has dropped precipitously from double digits to under 5 percent in the last two weeks. The last three polls in the state show him ahead of Hillary Clinton by only 2 points in a Washington Post-SurveyMonkey poll, 3 points in a University of Houston poll and 4 points in a Survey USA/Texas Tenga poll.All of those most recent polls were conducted after the Oct. 7 release of a tape in which Trump bragged about sexually assaulting women. Polls conducted in the prior month show the GOP candidate leading by at least 12 and up to 22 points. A couple of earlier polls had signaled the race might be closer than expected, but there hasn t been consistent evidence until now.A Clinton win in Texas isn t required for there to be considered a major ground-shifting development. Even a single-digit Texas loss would be a huge step forward for Democrats there, and a shock to the system for Republicans.The growing Latino population in Texas has consistently raised Democratic hopes that the state could be tipped into their column like it has been in Colorado, Nevada, and New Mexico. Democrats are also hoping for success in Arizona, where incumbent Senator John McCain recently denounced Trump for his crude comments with Billy Bush.Things are changing in the southwest, and they might change faster than anyone expected.Featured image via Flickr",0
"John Kerry commits more U.S. military aid for ex-Soviet Georgia TBILISI (Reuters) - Secretary of State John Kerry told ex-Soviet Georgia that the United States would help it bolster its army as he reassured a close U.S. ally days before a NATO summit expected to focus on the threat a resurgent Russia poses. Kerry, on his first visit to Georgia as Secretary of State, made the commitment ahead of a NATO summit in Warsaw on Friday at which members of the Western military alliance plan to announce action to deter possible Russian military aggression. Georgia and former Soviet states such as Moldova and Ukraine have become increasingly concerned by Russia’s intentions after the Kremlin annexed Ukraine’s Crimea in 2014 and launched air strikes in Syria last year. Moscow says such fears are unfounded and based on what it calls anti-Russian hysteria.   In a memorandum of understanding signed on Wednesday by Kerry and Georgian Prime Minister Georgy Kvirikashvili, the United States promised to bolster Georgia’s ability to defend itself against potential threats. That meant greater military and security cooperation, enhanced information sharing, and help building up defense capacity, such as improving combat readiness and supporting defense procurement, the document said. Until now, U.S. security support has focused on training Georgian troops for operations in Afghanistan and Iraq. “The United States stands firm in its commitment to Georgia’s sovereignty, independence, and territorial integrity within its internationally recognized borders,” Kerry told reporters. Georgia, which is crisscrossed by strategically important oil and gas pipelines, fought and lost a short war with Russia in 2008. Moscow then recognized two breakaway pro-Kremlin Georgian regions - South Ossetia and Abkhazia - as independent countries, though most other countries have not. “Russia’s occupation and militarization of parts of Georgia’s territory are unacceptable,” said Kerry. “We continue to call on Russia to fulfill its obligations under the 2008 ceasefire agreement, including a withdrawal of its forces to pre-conflict positions.” Moscow for its part has accused the West, notably Washington, of stirring anti-Russian feelings in former Soviet states it deems part of its own sphere of influence. Kerry visits Ukraine next, on Thursday, before heading to Warsaw to join U.S. President Barack Obama for the NATO summit. In Ukraine, Kerry’s third visit there since Russia annexed Crimea, he will focus on the implementation of the Minsk peace accords and the country’s reform agenda. It will be Kerry’s first chance to meet new Prime Minister Volodymyr Groysman. ",1
"BOOM! Hey Democrats….Why The Violent Riots? YOUNG AMERICAN Proves Dems Really Don’t Care About Jobs, Helping Minorities or Women [VIDEO] Watch:You want a #JobsReport?Here's a jobs report:  President Trump is bringing jobs back to America & keeping promises. #FlashbackFriday pic.twitter.com/qViMRO9OOv  #ThePersistence (@ScottPresler) March 10, 2017",0
"WHOA! MICHAEL MOORE Says TRUMP Is Only Hope To Rescue Middle-Class: “Human Molotov Cocktail” Americans “Can Legally Throw Into The System” [VIDEO]  Every nameless, beaten down, forgotten working stiff who used to be part of  what we called  the middle class , loves Trump. The human hand grenade they can legally throw into the system that stole their lives from them. And on November 8th, election day, although they ve lost their jobs, although they ve been foreclosed on by the bank, next came the divorce and now the wife and kids are gone, the cars been re-po d, they haven t had a vacation in years and they re stuck with the shitty Obamacare  Bronze Plan  where they can t even get a f*cking percocet. They ve essentially lost all that they ve had  except one thing. The one thing that doesn t cost them a cent, and it s guaranteed to them by the American Constitution the right to vote!They might be penniless they might be homeless it doesn t matter because it s equalized on that day. The millionaire has the same number of votes as the person who doesnt have a job .ONE! So on November 8th, the dispossessed will walk into the voting booth, be handed a ballot, close the curtain and take that lever, or felt pen or touch screen and put a big F*CKING X next to the name of the man who has threatened to upend and overturn the very system that has ruined their lives Donald J. Trump. Watch:",0
"SPOT ON! MARK STEYN Delivers A Dire Warning To The Never Trump Folks  Hillary is the embodiment of corruption and therefore the death of the republic  said author and political commentator Mark SteynThe brilliant Mark Steyn is always spot on in his commentary. He s one of our favorite political commentators. He sent a message to anyone even remotely considering voting for Hillary and it s a perfect assessment of what will happen if Hillary becomes president. Author and political commentator Mark Steyn is warning that a Hillary Clinton presidency would mark the beginning of the end of the republic. This is insane,  Steyn said Monday.  The Hillary Rodham Clinton presidency will be the death of the republic and the complete descent into banana republic status. His remarks came as he sat in for talk radio host Rush Limbaugh. He started first by excoriating the Clinton Foundation, which he said is a none-too-subtle slush fund by which the wealthy can access power and exert their influence. It s corrupt. It s stingily corrupt, it s obviously corrupt,  he said.  Hillary is the embodiment of corruption and therefore the death of the republic.  To decide someone on the take from Saudi princes, someone s whose managed to deliver 20 percent of U.S. uranium into control of the Russians, someone whose husband has been credibly accused of rape and flies around with a known pedophile, and yet Hillary to these guys is who they re going to be supporting in November,  he added.He also criticized conservatives, including P.J. O Rourke, who ve said they would likely vote for Clinton over presumed GOP nominee Donald Trump.Via: WE",0
"Hundreds rally in France to protest sexual harassment after Weinstein scandal PARIS (Reuters) - Hundreds of women attended rallies in Paris and other French cities on Sunday to protest against sexual harassment in the wake of the Harvey Weinstein scandal.  U.S. movie mogul Weinstein has been accused by numerous women of having sexually harassed or assaulted them in incidents dating back to the 1980s, including three who said they were raped. Weinstein denies having non-consensual sex with anyone.  Justice for Women ;  We Won t Remain Silent ;  The Shame Should Switch Sides  read some of the signs held by French demonstrators, who were predominantly women.  In Paris, protesters gathered at the Place de la Republique square under a grayish rainy sky, responding to a call that spread globally last week on social networks under the hashtag #MeToo.  The hashtag has been used by millions of women across the world to share their experiences of sexual harassment and abuse on Twitter and rolling posts on Facebook. Among those at the rally in Paris was 88-year-old Vivianne Rouis, who attended with her daughter and granddaughter.  At my age it s over, nothing s going to happen to me. But my daughter, my granddaughter, it s true that I think about them a lot,  Rouis told Reuters TV.  It has to stop. Because we re not objects,  she added. Other protesters urged victims to speak up.   It s less and less taboo in our society and I think it s important that women, and even men, who are abused, speak about it more freely,  said Luana da Costa, 17. Hundreds of thousands of accounts of sexual harassment or abuse have been published under the French #balancetonporc or #squealonyourpig hashtag on Twitter over the past few weeks, including from prominent actresses such as Lea Seydoux. Some conservatives say the new trend amounts to an attack on the French way of life in the name of U.S.-style puritanism. Nationwide consultations started this month over a proposed new law that will include steps to fight sexual harassment on the streets as well as extend the statute of limitations for rape on minors. ",1
" WATCH: Nicolle Wallace Takes Trump To The Woodshed For Backing Pedophile Moore Donald Trump just got his ass handed to him by Nicolle Wallace for endorsing an accused child molester.Alabama GOP Senate candidate Roy Moore has been accused of sexual assault by several women, most of whom were teens at the time. One woman was 14-years-old.Age of consent laws apparently did not matter to Moore, who was the district attorney during the time period in which most of the assaults allegedly occurred. Moore own former colleagues have confirmed that Moore preyed upon teenage girls and he was even banned from a shopping mall because he kept creeping on teen girls.On Tuesday, Trump finally spoke out about Moore and the allegations. And what he said was sickening.Trump accused Moore s opponent Doug Jones of being  soft  on crime before saying he d rather have an accused child molester in the Senate instead of a Democrat. Then he defended Moore the same way he defended Vladimir Putin during his trip to Asia. Well, he denies it, Trump said.  Look, he denies it. I mean, if you look at all the things that have happened over the last 48 hours, he totally denies it. He says it didn t happen and you know, you have to listen to him also. Trump s words were so disgusting that MSNBC s Nicolle Wallace took him to the woodshed. I have this physical feeling of just being repulsed listening to   be it a figure head, he is the head of the Republican Party and I have described myself as a nonpracticing member, but I don t know what other word to use other than repulsed, that the head of the Republican Party said essentially threw his weight behind someone accused of stalking and engaging in sexual activity with a 14-year-old. There s nothing normal about throwing your weight behind a child molester. So when he says, this president says  he denies it, he denies it  I almost heard in him,  I denied it too.  He s almost projecting on to Roy Moore his own circumstance. Here s the video via YouTube.Indeed, Trump was accused of sexual assault by over a dozen women during the campaign. He called all of them liars at the time. And it looks like that s coming back to bite Trump on the ass.Featured Image: Screenshot",0
"Suppressing free press is 'how dictators get started': Senator McCain MUNICH (Reuters) - Senator John McCain, defending the media against the latest attack by President Donald Trump, warned that suppressing the free press was “how dictators get started”. The Arizona Republican, a frequent critic of Trump, was responding to a tweet in which Trump accused the media of being “the enemy of the American people”. The international order established after World War Two was built in part on a free press, McCain said in an excerpt of an interview with NBC’s “Meet the Press” that was released in advance of the full Sunday morning broadcast. “I hate the press. I hate you especially,” he told interviewer Chuck Todd from an international security conference in Munich. “But the fact is we need you. We need a free press. We must have it. It’s vital.” “If you want to preserve - I’m very serious now - if you want to preserve democracy as we know it, you have to have a free and many times adversarial press. And without it, I am afraid that we would lose so much of our individual liberties over time. That’s how dictators get started,” he continued. “They get started by suppressing free press. In other words, a consolidation of power. When you look at history, the first thing that dictators do is shut down the press. And I’m not saying that President Trump is trying to be a dictator. I’m just saying we need to learn the lessons of history,” McCain said. U.S. Senator Jeanne Shaheen, a Democrat from New Hampshire, told the conference on Sunday she was also concerned about Trump’s comments. “The real danger is the president’s criticism of the media,” Shaheen told the conference. “A free press ... is very important to maintaining democracy, and efforts on the part of a president to undermine and manipulate the press are very dangerous.” The comments from U.S. lawmakers followed Trump’s tweet and came days after the president held a raucous news conference at which he repeatedly criticized news reports about disorder in the White House and leaks of his telephone conversations with the leaders of Mexico and Australia. German Chancellor Angela Merkel emphasized the importance of a free press at the conference on Saturday, saying, “I have high respect for journalists. We’ve always had good results, at least in Germany, by relying on mutual respect.” ",1
"Long speech, lots of tea: party meeting with Chinese characteristics  BEIJING (Reuters) - The speech was long, the refreshments austere, but Zhang Weiguo, a Communist Party official from Hubei province in central China, was thrilled.   It was strongly persuasive, infectious, cohesive, and had rally-appeal,  Zhang said after Chinese President and party boss Xi Jinping gave a nearly three-and-a-half hour speech in Beijing s cavernous Great Hall of the People to kick off the 19th Communist Party Congress.   I came out of the auditorium feeling infected, my motivation infinitely enhanced.   The scene is a far cry from a convention of the Democratic or Republican Party in the United States, with their rock concert-like atmosphere, balloons falling from the rafters and raucous cheering crowds.  Instead, most delegates wore conservative business suits, turned pages of the speech in unison, and clapped politely on cue, giving the start of China's most important political event in five years the vibe of an academic conference.  This is party politics with Chinese characteristics. Delegates from China s dozens of ethnic minority groups were required, as always, to wear traditional costumes, often with elaborate headgear - and news photographers swarmed.  An Olympian wore the national team s jacket. Military men and women, as well as police, donned crisp uniforms. All, including Xi, wore red identifications badges.  Entering the Great Hall for the event required airport-level security checks, with x-ray machines and metal detectors. Outside food and drink were not allowed. Journalists, many of whom had queued in the rain since before dawn, were permitted one mobile phone each.  Inside, Xi laid out a vision for a strong and confident China stretching decades into the future. The speech will be the subject of intensive study by party members across the country in coming months and serve as a model for its content and language.  Still, it was a marathon even by Chinese politicians  standards, and some in the audience dozed off.  For those needing a refreshment, uniformed servers standing in order by height poured tea and hot water into Great Hall of the People paper cups outside the main auditorium.  One server who had been present for the 18th Party Congress five years ago said nothing had changed.   Everything s the same. Our service is getting better, though,  he said.  On stage, where the party s powerful Central Committee and former leaders sat, hosts and hostesses periodically marched from the wings in unison to pour fresh steaming water into porcelain mugs. At the two-hour mark, some started taking toilet breaks.  Luo Jialin, a member of the Sichuan province delegation, rushed to the post office at the Great Hall of People and bought five books of congress-themed stamps with the Great Hall postmark for 450 yuan ($68).   They are very commemorative, so I want to bring some back home,  said Luo.  The speech was broadcast live and images of groups of people watching it quickly circulated on social media - doctors at a hospital, Tibetan monks, prisoners in a detention center, and even children in kindergarten. One posting showed a cat sitting in front of a TV broadcasting the speech.  Printed copies of Xi s speech for foreign reporters were produced in 12 languages, including Lao and Portuguese, up from eight five years ago. The Chinese version ran to 68 pages.  Pictures of the seldom-seen 91-year-old former President Jiang Zemin peering at his copy through a chunky magnifying glass flew across the internet.  Later, someone identified Jiang s magnifying glass as German-made and posted a picture of an ad for it on Taobao. Price tag: 1,598 yuan, or about $240.  ($1 = 6.6219 Chinese yuan renminbi)  ",1
"Mexican opposition leader Anaya to seek presidency in coalition MEXICO CITY (Reuters) - Mexican opposition leader Ricardo Anaya said on Sunday he would seek to win the presidency in a left-right alliance after stepping down as head of the conservative National Action Party (PAN). Anaya resigned as leader of the PAN on Saturday, a day after his party officially joined forces with the center-left Party of the Democratic Revolution (PRD) and the Citizens Movement party in the  For Mexico in Front  coalition. If selected, Anaya will likely take on leftist former Mexico City Mayor Andres Manuel Lopez Obrador, and former Finance Minister Jose Antonio Meade, who is seeking the nomination for the ruling centrist Institutional Revolutionary Party (PRI). Meade, who has served in both PRI and PAN administrations, resigned as finance minister in November and PRI officials hope he will help the party recover from a spate of corruption scandals.  This corrupt and inefficient PRI government has been an absolute national disaster,  Anaya said on Sunday, adding that his own party did not make fundamental structural changes during its two presidential terms from 2000 to 2012. Anaya saw a split in his party in October when former first lady Margarita Zavala left to launch a bid for the presidency as an independent candidate. Zavala, the wife of former President Felipe Calderon, said she quit the PAN because the party base had been subordinated to the interests of its leadership. The left-right coalition on Friday presented its official request with the electoral institute to compete in the July 2018 vote. The group must still pick its leader, with Anaya, who had been leader of the PAN since 2015, considered the front-runner. Anaya, 38, has faced criticism in the Mexican press for his family s  inexplicable  level of wealth, although he denies any wrongdoing. In a voter poll published on Wednesday, Anaya came in second behind Lopez Obrador, who leads the National Regeneration Movement (MORENA) party, but ahead of Meade. Mexico City Mayor Miguel Angel Mancera, who was seen as a contender for the coalition, said on Saturday he would not run and criticized what he said was an undemocratic selection process. ",1
"China's Xi offers support for Saudi amid regional uncertainty BEIJING (Reuters) - China supports Saudi Arabia s efforts to safeguard national sovereignty and achieve greater development, President Xi Jinping told Saudi Arabia s King Salman, at a time of regional tensions between Saudi Arabia, Iran, Lebanon and Yemen. China has traditionally played little role in Middle East conflicts or diplomacy, despite its reliance on the region for oil. But it has been trying to raise its profile, with Salman visiting China in March. Speaking by telephone, Xi told Salman that China s determination to deepen strategic cooperation with Saudi Arabia will not waver, no matter how the international and regional situation changes, China s Foreign Ministry said late on Thursday. Remarking on the importance of maintaining close communication between the two countries  heads of state, Xi said    China and Saudi Arabia are comprehensive strategic partners whose strategic mutual trust is deepening.  China supports Saudi Arabia s efforts to safeguard national sovereignty and realize greater development,  the ministry cited Xi as saying, without elaborating. The statement made no specific mention of issues like the resignation as Lebanon Prime Minister Saad al-Hariri while in Saudi Arabia, railing against Riyadh s bitter foe Iran and its Lebanese ally Hezbollah. Saudi-led forces, which back the government in Yemen, have also been targeting the Iran-allied Houthis in a more than two-year war there. China has had to tread a fine line between Riyadh and Tehran as Beijing has close ties with Iran as well. The ministry statement said Xi and Salman also exchanged views on international and regional issues of common concern, but gave no details. ",1
"In A First, Saudi Arabia Allows Women To Drive Warning Something Big Is About to Happen in America the Martial Law Is Coming – 100% Chance it Will Happen ( Red List and Blue List)",0
